City,Cloudiness,Country,Date,Humidity,Lat,Lng,Max Temp,Wind Speed
Tuktoyaktuk,5,CA,1547611200,75,69.44,-133.03,245.15,5.1
Kapaa,1,US,1547610960,61,22.08,-159.32,298.15,5.1
Hasaki,40,JP,1547611200,39,35.73,140.83,284.15,3.1
Ushuaia,40,AR,1547611200,80,-54.81,-68.31,277.15,7.7
Mossendjo,92,CG,1547613405,98,-2.95,12.72,294.223,1.22
Coquimbo,0,CL,1547611200,87,-29.95,-71.34,289.15,2.1
Yulara,0,AU,1547611200,10,-25.24,130.99,317.15,7.2
Namatanai,12,PG,1547613406,91,-3.66,152.44,303.623,4.42
Xiaoweizhai,24,CN,1547613406,82,26.23,107.51,276.873,1.52
Hami,8,CN,1547613406,84,42.84,93.51,266.273,1.67
Esperance,20,TT,1547611200,88,10.24,-61.45,297.15,2.82
Beringovskiy,64,RU,1547613141,90,63.05,179.32,258.423,7.92
Cidreira,8,BR,1547613407,91,-30.17,-50.22,297.423,2.77
Timizart,0,DZ,1547613407,85,36.8,4.25,268.673,0.82
Payo,20,ID,1547613407,89,-3.75,103.64,302.173,2.12
Chulman,12,RU,1547613407,0,56.84,124.9,238.323,3.87
Port Alfred,92,ZA,1547613408,100,-33.59,26.89,294.423,4.67
Ribeira Grande,12,PT,1547613408,97,38.52,-28.7,289.673,2.57
Busselton,0,AU,1547613358,88,-33.64,115.35,295.073,6.17
San Patricio,56,PY,1547613408,97,-26.98,-56.83,296.273,1.07
Chernyshevskiy,88,RU,1547613135,55,63.01,112.47,244.573,3.42
Rikitea,80,PF,1547613409,97,-23.12,-134.97,300.123,6.27
Jamestown,68,AU,1547613409,33,-33.21,138.6,310.523,4.02
Vaini,0,IN,1547611200,43,15.34,74.49,295.15,3.1
Hilo,90,US,1547610780,62,19.71,-155.08,296.45,4.22
Manokwari,48,ID,1547613410,100,-0.87,134.08,300.723,2.12
Salalah,75,OM,1547610600,73,17.01,54.1,295.15,1.0
Mahebourg,40,MU,1547611200,78,-20.41,57.7,300.15,2.1
Atuona,92,PF,1547613411,100,-9.8,-139.03,300.073,7.12
Port Elizabeth,1,US,1547610960,80,39.31,-74.98,270.95,2.22
Kathmandu,20,NP,1547610600,76,27.71,85.32,283.15,1.0
Pevek,92,RU,1547613411,91,69.7,170.27,251.523,8.72
Gizo,0,IL,1547612400,34,31.8,34.94,285.15,9.3
Taltal,12,CL,1547613412,100,-25.41,-70.49,284.623,0.72
Bethel,75,US,1547610960,88,60.79,-161.76,274.25,3.1
Bluff,12,AU,1547613413,31,-23.58,149.07,309.023,4.37
Albany,90,US,1547612520,81,42.65,-73.75,272.05,1.62
Hobart,75,AU,1547611200,52,-42.88,147.33,293.15,8.2
Punta Arenas,40,CL,1547611200,65,-53.16,-70.91,278.15,9.3
Mumbwa,92,ZM,1547613414,99,-14.99,27.06,292.023,2.17
Grand Gaube,40,MU,1547611200,78,-20.01,57.66,300.15,2.1
Winslow,90,GB,1547612820,87,51.94,-0.88,282.15,6.2
Ilulissat,56,GL,1547610600,72,69.22,-51.1,261.15,1.0
Zhuhai,0,CN,1547611200,30,40.71,112.04,262.15,2.0
Cherskiy,76,RU,1547613416,41,68.75,161.3,240.823,2.22
Mount Gambier,88,AU,1547611200,57,-37.83,140.78,298.15,5.1
Kodiak,90,US,1547610900,100,39.95,-94.76,273.15,3.6
Cape Town,0,ZA,1547611200,82,-33.93,18.42,290.15,2.1
Mataura,36,NZ,1547613417,50,-46.19,168.86,297.173,4.62
Avarua,75,CK,1547611200,74,-21.21,-159.78,300.15,4.6
The Valley,75,AI,1547611200,78,18.22,-63.06,297.15,3.6
Bambous Virieux,40,MU,1547611200,78,-20.34,57.76,300.15,2.1
Pisco,88,PE,1547613418,91,-13.71,-76.2,293.023,2.17
Chokurdakh,8,RU,1547613418,0,70.62,147.9,230.273,1.32
Fairbanks,1,US,1547611080,79,64.84,-147.72,247.85,2.77
Barrow,0,AR,1547613418,62,-38.31,-60.23,295.273,6.77
Dawlatabad,36,AF,1547613419,99,36.41,64.91,283.573,2.12
Bilibino,80,RU,1547613419,0,68.06,166.44,236.523,1.32
Touros,75,BR,1547611200,94,-5.2,-35.46,298.15,1.0
Sterling,1,US,1547612580,92,39.0,-77.4,271.15,1.22
Beyneu,76,KZ,1547613423,98,45.32,55.19,270.073,8.27
Karla,90,EE,1547612400,85,59.37,24.93,269.15,6.2
Paoua,8,CF,1547613423,37,7.24,16.43,290.873,4.22
Maxixe,75,MZ,1547607600,94,-23.86,35.35,299.15,6.82
Airai,64,TL,1547613423,74,-8.93,125.41,300.023,0.32
Platteville,90,US,1547612100,100,42.73,-90.48,274.85,5.1
Nichinan,40,JP,1547611200,35,31.65,131.31,286.15,7.7
Itoman,75,JP,1547611200,77,26.12,127.67,290.15,5.7
Greenfield,90,US,1547612520,81,42.59,-72.6,270.95,1.02
Hermanus,0,ZA,1547613425,78,-34.42,19.24,291.473,2.97
Khatassy,90,RU,1547611200,64,61.91,129.64,232.15,1.87
Puerto Ayora,48,EC,1547613425,100,-0.74,-90.35,297.623,3.72
Bredasdorp,64,ZA,1547611200,88,-34.53,20.04,292.15,7.2
Nikolskoye,75,RU,1547611200,86,59.7,30.79,270.15,3.0
Dunedin,80,NZ,1547613426,88,-45.87,170.5,294.573,0.62
Lebu,0,ET,1547613426,34,8.96,38.73,286.523,1.82
Terrace,5,CA,1547611200,80,54.52,-128.61,275.15,7.7
Gulabpura,0,IN,1547613427,62,25.91,74.66,292.023,2.22
Soyo,48,AO,1547613427,96,-6.13,12.37,297.523,1.32
Half Moon Bay,90,US,1547611920,93,37.46,-122.43,287.15,5.1
Plettenberg Bay,36,ZA,1547613427,100,-34.05,23.37,292.823,5.02
Dingle,44,PH,1547613428,71,11.0,122.67,300.073,7.62
Luohe,20,CN,1547613428,38,33.57,114.03,275.723,2.37
Guerrero Negro,68,MX,1547613428,98,27.97,-114.04,287.373,1.42
Qaanaaq,0,GL,1547613395,90,77.48,-69.36,239.323,4.22
Vanimo,24,PG,1547613429,100,-2.67,141.3,301.523,8.87
Rivera,80,UY,1547613429,97,-30.9,-55.54,294.073,4.92
Georgetown,75,GY,1547611200,88,6.8,-58.16,298.15,3.1
Berger,12,BR,1547613429,94,-26.79,-51.01,292.173,2.17
Chulumani,0,BO,1547613430,98,-16.41,-67.53,280.873,0.72
Hithadhoo,44,MV,1547613430,100,-0.6,73.08,299.873,2.72
Boende,80,CD,1547613431,99,-0.28,20.88,295.173,1.32
Gushikawa,90,JP,1547611200,77,26.35,127.87,290.15,5.7
Santa Cruz,90,US,1547612100,96,36.97,-122.03,287.15,6.2
Lasa,75,CY,1547611200,76,34.92,32.53,285.15,9.3
Khatanga,76,RU,1547613313,62,71.98,102.47,250.973,4.77
Kepno,92,PL,1547613433,92,51.28,17.99,276.873,6.72
Mayo,90,CA,1547611200,84,63.59,-135.9,260.15,1.17
Sao Joao da Barra,0,BR,1547613433,97,-21.64,-41.05,299.523,11.72
Taucha,75,DE,1547612400,80,51.38,12.49,278.15,9.3
Keti Bandar,0,PK,1547613233,94,24.14,67.45,295.773,2.77
Anchorage,1,US,1547611080,96,61.22,-149.89,265.95,2.1
Meulaboh,0,ID,1547613434,100,4.14,96.13,301.573,1.67
Okhotsk,68,RU,1547613435,100,59.36,143.24,253.423,3.57
Yar-Sale,64,RU,1547613435,88,66.83,70.83,257.723,3.87
Saint-Joseph,75,FR,1547611200,75,43.56,6.97,279.15,2.6
Ostrovnoy,80,RU,1547613436,82,68.05,39.51,264.023,3.12
Berezovyy,36,RU,1547613436,59,51.67,135.7,253.673,0.72
Lavrentiya,88,RU,1547613436,95,65.58,-170.99,273.573,6.37
New Norfolk,75,AU,1547611200,52,-42.78,147.06,293.15,8.2
Syriam,0,MM,1547611200,74,16.77,96.24,299.15,3.1
Saskylakh,24,RU,1547613437,51,71.97,114.09,238.273,8.27
Rome,0,IT,1547610600,86,41.89,12.48,282.15,1.5
Port Blair,36,IN,1547613266,100,11.67,92.75,301.173,7.37
Carutapera,80,BR,1547613437,99,-1.2,-46.02,297.873,3.07
Kalengwa,48,ZM,1547613438,100,-13.47,25.0,291.923,3.07
Kruisfontein,80,ZA,1547613438,92,-34.0,24.73,293.273,4.32
Yellowknife,20,CA,1547611200,66,62.45,-114.38,238.15,2.1
Desaguadero,12,PE,1547613439,100,-16.56,-69.04,274.273,0.67
Saint George,20,GR,1547612400,59,39.45,22.34,274.15,7.2
Agaro,92,ET,1547613439,71,7.86,36.59,288.123,0.27
Muros,90,ES,1547611200,93,42.77,-9.06,281.15,1.5
Castro,20,CL,1547611200,87,-42.48,-73.76,283.15,3.1
Victoria,75,BN,1547611200,74,5.28,115.24,304.15,3.1
Kidal,0,ML,1547613441,54,18.44,1.41,278.873,1.52
Hamilton,75,BM,1547610900,87,32.3,-64.78,288.15,6.7
Chuy,68,UY,1547613441,100,-33.69,-53.46,294.373,6.92
Coihaique,0,CL,1547611200,66,-45.58,-72.07,282.15,2.22
Bubaque,0,GW,1547613442,100,11.28,-15.83,298.523,3.97
Visby,12,SE,1547610600,68,57.64,18.3,272.15,2.6
East London,75,ZA,1547611200,78,-33.02,27.91,295.15,4.1
Awjilah,0,LY,1547613443,85,29.14,21.3,277.523,1.62
Constitucion,24,MX,1547613440,80,23.99,-104.67,279.073,1.77
Tigil,0,RU,1547613443,26,57.8,158.67,245.423,1.32
Ust-Nera,0,RU,1547613443,0,64.57,143.24,222.173,0.77
Aksehir,88,TR,1547613443,100,38.36,31.42,268.073,5.02
Dikson,76,RU,1547613444,100,73.51,80.55,260.523,4.67
Platanos,75,GR,1547612400,80,35.47,23.6,279.25,7.7
Oblivskaya,92,RU,1547613445,95,48.54,42.5,275.123,7.52
Khalkhal,0,IR,1547613431,47,37.62,48.53,276.623,2.32
Mao,20,DO,1547611200,94,19.55,-71.08,294.15,3.07
Lata,88,IN,1547613445,73,30.78,78.62,280.823,0.57
Seymchan,12,RU,1547613446,0,62.93,152.39,232.623,1.12
Flin Flon,76,CA,1547613446,60,54.77,-101.88,251.323,1.47
Thompson,5,CA,1547611200,67,55.74,-97.86,242.15,2.1
Souillac,20,FR,1547611200,92,45.6,-0.6,274.15,1.0
Eldorado,75,MX,1547610000,68,24.32,-107.36,295.15,1.82
Nsoko,68,ZA,1547613447,79,-27.07,31.93,298.073,4.77
Sabang,88,PH,1547613447,84,13.72,123.58,299.173,7.17
Tasiilaq,80,GL,1547610600,55,65.61,-37.64,259.15,1.5
Codrington,8,AU,1547611200,38,-28.95,153.24,309.15,8.7
Astana,90,KZ,1547611200,92,51.13,71.43,264.15,2.0
Provideniya,90,RU,1547611200,94,64.42,-173.23,273.15,8.0
Itarema,92,BR,1547613453,100,-2.92,-39.92,296.573,1.37
Puerto Rondon,0,CO,1547613453,51,6.28,-71.1,299.423,4.02
Lorengau,68,PG,1547613453,99,-2.02,147.27,301.773,5.02
Tranas,44,SE,1547610600,100,58.04,14.98,271.15,1.5
Turukhansk,76,RU,1547613454,83,65.8,87.96,259.523,4.37
Faanui,76,PF,1547613454,100,-16.48,-151.75,301.823,5.57
Takoradi,12,GH,1547613454,100,4.89,-1.75,300.173,3.07
Garissa,56,KE,1547613455,69,-0.46,39.64,299.573,2.02
Pacific Grove,90,US,1547612100,83,36.62,-121.92,286.45,4.1
Butaritari,56,KI,1547613367,100,3.07,172.79,301.923,8.72
Nouadhibou,32,MR,1547607600,51,20.93,-17.03,289.15,5.7
Misratah,20,LY,1547613455,100,32.38,15.09,283.723,2.67
Xiamen,90,CN,1547611200,77,24.46,118.07,288.15,5.0
Port Lincoln,92,AU,1547613374,75,-34.72,135.86,296.023,6.32
Birao,8,CF,1547613456,58,10.3,22.78,291.023,4.12
Norman Wells,75,CA,1547611200,69,65.28,-126.83,249.15,4.1
Coahuayana,20,MX,1547613457,79,18.62,-100.35,286.773,1.17
Sitka,0,US,1547613457,70,37.17,-99.65,270.023,1.22
Ayna,32,ES,1547611200,100,38.55,-2.07,272.15,1.67
Byron Bay,0,AU,1547611200,62,-28.65,153.62,309.15,10.3
Camalu,12,MX,1547613458,98,30.85,-116.07,279.473,1.07
Bima,100,ID,1547613458,100,-8.45,118.73,298.073,2.22
Araouane,0,ML,1547613458,43,18.9,-3.53,279.673,2.37
Russell,0,AR,1547611200,60,-33.01,-68.8,295.15,1.77
Port Hawkesbury,75,CA,1547611200,67,45.62,-61.36,268.15,5.1
Mana,0,RS,1547613000,85,43.52,20.24,269.15,0.5
Camacupa,92,AO,1547613461,81,-12.02,17.48,289.573,2.27
Sinnamary,100,GF,1547613283,99,5.38,-52.96,298.773,5.02
Barranca,92,PE,1547613461,100,-10.75,-77.76,294.423,5.92
Fortuna,20,ES,1547611200,81,38.18,-1.13,282.15,3.6
Pilar,90,AR,1547611200,94,-34.46,-58.91,294.15,2.1
Vila Velha,40,BR,1547611200,88,-3.71,-38.6,299.15,4.57
Sorland,0,NO,1547610600,92,67.67,12.69,264.15,3.6
Neuquen,0,AR,1547611200,16,-38.95,-68.06,296.15,2.6
Evensk,0,RU,1547613463,100,61.92,159.24,245.573,3.02
Qeshm,20,IR,1547611200,93,26.96,56.27,290.15,2.1
Saint-Philippe,90,CA,1547612220,86,45.36,-73.48,271.15,3.6
Cochrane,8,CL,1547613463,75,-47.25,-72.57,277.573,1.97
Maple Creek,0,CA,1547613464,71,49.91,-109.46,260.223,2.47
Narrabri,0,AU,1547611200,16,-30.33,149.78,314.15,3.1
Lagoa,0,PT,1547611200,93,37.14,-8.45,282.15,3.1
Darnah,36,LY,1547613465,100,32.77,22.64,286.323,12.47
Torbay,90,CA,1547611200,92,47.66,-52.73,271.15,17.0
Diapaga,24,BF,1547613465,37,12.07,1.79,287.073,2.77
Inuvik,5,CA,1547611200,68,68.36,-133.71,246.15,2.1
Vardo,90,US,1547612400,66,39.62,-77.74,272.55,2.1
Trujillo,75,PE,1547611200,88,-8.11,-79.03,295.15,3.6
Buenavista,40,CO,1547611200,88,4.36,-75.74,294.15,2.1
Maravilha,40,BR,1547607600,88,-26.76,-53.17,296.15,5.1
Qasigiannguit,56,GL,1547610600,72,68.82,-51.19,261.15,1.0
Gwembe,48,ZM,1547613467,79,-16.5,27.61,297.023,5.47
Rabaul,12,PG,1547613350,94,-4.2,152.17,302.723,2.22
Tongliao,0,CN,1547613468,31,43.61,122.27,270.873,7.12
Ahipara,56,NZ,1547613468,81,-35.17,173.16,293.323,8.07
Bud,80,NO,1547612400,73,62.91,6.91,273.15,6.2
Nanortalik,92,GL,1547613468,95,60.14,-45.24,271.973,6.92
Vostok,44,RU,1547613469,55,46.45,135.83,256.523,3.02
Xuanzhou,88,CN,1547613469,72,30.95,118.78,277.023,1.97
Shingu,40,JP,1547611200,53,33.72,135.99,283.15,7.2
Bara,0,NG,1547613469,44,10.41,10.6,287.173,3.32
Ibipeba,8,BR,1547613470,91,-11.64,-42.01,293.573,3.37
Auki,12,NG,1547613470,44,12.18,6.51,286.373,4.42
Voskresenskoye,88,RU,1547613470,86,56.84,45.43,267.173,1.17
Plouzane,90,FR,1547611200,81,48.38,-4.62,282.15,5.1
Pombas,0,BR,1547613471,91,-15.9,-54.74,294.373,1.17
Vilhena,64,BR,1547613471,91,-12.74,-60.15,295.773,0.92
Westport,36,IE,1547613472,94,53.8,-9.52,279.223,7.47
Mayumba,76,GA,1547613472,100,-3.44,10.65,297.973,1.27
Arraial do Cabo,0,BR,1547613472,85,-22.97,-42.02,298.423,7.97
Aguada de Pasajeros,0,CU,1547611140,87,22.38,-80.85,289.15,2.1
Mar del Plata,68,AR,1547613291,42,-46.43,-67.52,289.423,6.72
Susangerd,90,IR,1547611200,87,31.56,48.19,288.15,2.1
Kununurra,40,AU,1547611200,50,-15.77,128.74,309.15,2.6
Rudnogorsk,20,RU,1547613473,52,57.27,103.75,259.423,2.42
Gat,0,SN,1547611200,88,14.69,-16.54,293.15,6.2
Ewa Beach,90,US,1547611020,53,21.32,-158.01,299.25,3.6
Bambanglipuro,92,ID,1547613474,84,-7.95,110.28,299.873,5.72
Sobolevo,0,RU,1547613474,67,54.43,31.9,260.773,1.37
Mortka,64,RU,1547613475,77,59.33,66.02,262.673,2.32
Macusani,56,PE,1547613475,96,-14.07,-70.43,281.923,0.37
Pleshanovo,76,RU,1547611200,92,57.46,28.17,270.15,4.0
Sambava,92,MG,1547613475,100,-14.27,50.17,297.623,4.32
Maralal,48,KE,1547613476,84,1.1,36.7,291.773,1.52
Ponta do Sol,0,BR,1547613476,77,-20.63,-46.0,291.323,0.72
Okha,88,RU,1547613476,83,53.59,142.95,260.523,9.02
Battle Creek,90,US,1547612160,92,42.32,-85.18,272.05,8.2
Dusi,0,NG,1547613476,70,11.53,9.86,281.923,1.32
Maragogi,88,BR,1547613477,100,-9.01,-35.22,296.073,1.12
Lompoc,90,US,1547612100,86,34.64,-120.46,287.05,2.6
Le Creusot,0,FR,1547611200,100,46.81,4.43,270.15,0.5
Lerwick,92,GB,1547612400,93,60.15,-1.15,281.15,9.8
Clyde River,1,CA,1547611200,74,70.47,-68.59,241.15,2.6
Nelson Bay,0,AU,1547611200,46,-32.72,152.14,307.15,4.6
Moron,80,VE,1547613478,95,10.49,-68.2,291.773,1.27
Salvador,40,BR,1547611200,69,-12.98,-38.48,301.15,4.6
Hun,75,BE,1547612400,80,50.34,4.87,279.15,5.1
Bousse,90,FR,1547612400,80,49.28,6.2,277.15,3.6
Kamuli,44,UG,1547613479,98,0.94,33.12,294.023,3.77
Biograd na Moru,0,HR,1547611200,68,43.94,15.45,272.15,3.6
Ola,76,RU,1547613481,100,59.58,151.3,253.923,6.97
Klaksvik,76,FO,1547612400,100,62.23,-6.59,274.15,3.6
Mehamn,0,NO,1547610600,85,71.03,27.85,266.15,4.1
Paungde,0,MM,1547613482,60,18.49,95.51,300.773,5.22
Aklavik,5,CA,1547611200,68,68.22,-135.01,246.15,2.1
Yichang,0,CN,1547613482,76,30.77,111.32,277.673,1.77
Iqaluit,90,CA,1547611200,76,63.75,-68.52,253.15,3.1
Paamiut,76,GL,1547613483,100,61.99,-49.67,271.423,11.57
Kaitangata,76,NZ,1547613483,83,-46.28,169.85,295.073,0.27
Christchurch,36,NZ,1547611200,63,-43.53,172.64,292.15,8.2
Longyearbyen,20,NO,1547610600,70,78.22,15.63,256.15,3.1
Saldanha,32,PT,1547613483,77,41.42,-6.55,268.023,1.32
Nantucket,1,US,1547610960,80,41.28,-70.1,268.15,2.12
Vestmannaeyjar,0,IS,1547613484,100,63.44,-20.27,270.723,8.57
Mago,80,RU,1547613484,62,53.27,140.15,253.473,3.72
Maldonado,75,UY,1547611200,94,-34.91,-54.96,293.15,2.6
Kalmunai,92,LK,1547613485,92,7.42,81.82,298.873,4.42
Bozoum,8,CF,1547613485,38,6.31,16.38,291.773,4.77
Erenhot,0,CN,1547613485,29,43.65,111.97,265.823,6.57
Iranshahr,0,IR,1547611200,54,27.21,60.69,287.15,3.1
Mugur-Aksy,48,RU,1547613486,65,50.38,90.44,259.173,1.22
Pimentel,76,BR,1547613486,98,-3.7,-45.5,295.573,1.27
Havelock,1,US,1547611080,96,34.88,-76.9,274.25,1.97
Ambulu,24,ID,1547613487,98,-8.35,113.61,301.973,4.97
Gemena,24,CD,1547613312,93,3.25,19.78,294.523,0.97
Vanersborg,92,SE,1547610600,100,58.38,12.32,272.15,1.5
Bosaso,40,SO,1547611200,73,11.28,49.18,297.15,2.47
Montepuez,20,MZ,1547613488,100,-13.13,39.0,298.023,2.07
Berlevag,0,NO,1547610600,85,70.86,29.09,266.15,4.1
Urengoy,80,RU,1547613488,81,65.96,78.37,258.723,4.77
Carnarvon,0,ZA,1547613489,44,-30.97,22.13,293.323,3.72
Banda Aceh,24,ID,1547613489,81,5.56,95.32,302.073,1.82
Lima,0,PE,1547611200,88,-12.06,-77.04,295.15,5.7
Camacha,75,PT,1547611200,63,33.08,-16.33,289.15,5.7
Dwarka,75,IN,1547611200,81,28.58,77.04,284.15,1.5
Kieta,44,PG,1547613350,100,-6.22,155.63,300.373,1.77
Yumen,24,CN,1547613490,89,40.29,97.04,265.173,2.07
Xianshuigu,0,CN,1547611200,55,38.98,117.38,273.15,5.0
Margate,75,AU,1547611200,52,-43.03,147.26,293.15,8.2
College,1,US,1547611080,79,64.86,-147.8,253.15,2.77
Qaqortoq,88,GL,1547610600,79,60.72,-46.03,270.15,1.5
Cabo San Lucas,20,MX,1547610000,77,22.89,-109.91,293.15,4.1
Nsanje,24,MZ,1547613492,64,-16.92,35.26,303.073,1.87
Cairns,0,AU,1547611200,58,-16.92,145.77,304.15,8.7
Belmonte,36,PT,1547613493,73,40.36,-7.35,270.523,1.17
Faya,0,SA,1547611200,45,18.39,42.45,285.15,1.37
Pontianak,75,ID,1547611200,66,-0.02,109.34,304.15,4.1
Wiarton,90,CA,1547611200,86,44.74,-81.13,272.15,9.3
Sechura,44,PE,1547613494,84,-5.56,-80.82,296.173,4.77
Poum,8,MK,1547613494,57,41.28,20.71,257.323,0.82
Jinchang,0,CN,1547613494,84,38.52,102.19,267.423,0.72
Lazarev,80,RU,1547613495,69,52.23,141.51,256.373,8.57
Sao Filipe,0,CV,1547613495,100,14.9,-24.5,294.873,6.37
Dali,0,CN,1547613495,68,25.6,100.24,284.073,1.02
Tiksi,0,RU,1547613482,0,71.64,128.87,228.073,1.32
Praia da Vitoria,75,PT,1547611200,93,38.73,-27.07,288.15,3.37
Vestmanna,76,FO,1547612400,100,62.16,-7.17,274.15,3.6
Monrovia,75,LR,1547611200,94,6.33,-10.8,297.15,1.52
Zhangjiakou,0,CN,1547613496,22,40.77,114.88,267.423,2.22
Effingham,90,US,1547612580,100,39.12,-88.54,274.95,3.6
Bandarbeyla,76,SO,1547613497,100,9.49,50.81,297.423,6.22
Batticaloa,48,LK,1547613497,98,7.71,81.69,299.373,5.72
Newport,90,GB,1547612400,100,51.59,-3.0,282.15,4.6
Rayon,0,FR,1547611200,97,49.17,2.04,278.15,1.5
Ban Nahin,0,LA,1547613498,42,18.24,104.21,301.123,1.77
Sandur,92,IQ,1547613498,95,36.91,43.06,275.173,1.32
Gerash,40,IR,1547611200,81,27.67,54.14,282.15,2.1
Kerrobert,90,CA,1547611200,84,51.92,-109.14,257.15,3.6
Kupang,75,ID,1547611200,66,-10.16,123.6,305.15,5.7
Yuzhno-Kurilsk,24,RU,1547613500,100,44.03,145.86,272.373,8.52
Quelimane,75,MZ,1547611200,94,-17.88,36.89,298.15,2.1
Queenstown,24,NZ,1547613473,49,-45.03,168.66,292.823,0.97
Atasu,48,KZ,1547613500,95,48.68,71.64,264.923,1.07
Cabedelo,20,BR,1547611200,88,-6.97,-34.84,297.15,1.5
Lakhi,64,PK,1547613233,78,27.85,68.7,290.023,2.07
Kabansk,0,RU,1547611200,63,52.06,106.65,252.15,0.82
Cowra,0,AU,1547613501,42,-33.84,148.69,308.523,1.57
Sinjar,8,SY,1547613501,83,35.59,37.0,279.373,6.97
Zhigansk,12,RU,1547613501,0,66.77,123.37,232.923,2.67
Salmas,20,IR,1547611200,79,38.2,44.77,270.15,2.1
Sisimiut,36,GL,1547613502,100,66.94,-53.67,251.623,0.97
Kahului,40,US,1547610960,64,20.89,-156.47,297.55,2.6
Isangel,76,VU,1547613247,100,-19.55,169.27,299.573,3.52
Talnakh,76,RU,1547613502,79,69.49,88.39,257.473,2.72
Sung Noen,0,TH,1547611200,51,14.9,101.82,303.15,1.0
Tocopilla,20,CL,1547613503,100,-22.09,-70.2,288.523,0.87
Sayat,44,TM,1547611200,86,38.78,63.88,276.15,2.1
Richards Bay,100,ZA,1547613503,100,-28.77,32.06,295.223,6.32
Tateyama,75,JP,1547611200,97,36.66,137.31,276.15,2.1
Obera,24,AR,1547613504,94,-27.49,-55.12,296.773,1.12
Husavik,0,CA,1547613504,72,50.56,-96.99,249.373,3.42
Ullapool,92,GB,1547613504,100,57.9,-5.16,279.473,5.47
Sibolga,12,ID,1547613505,93,1.74,98.78,298.573,0.72
Baoning,90,CN,1547611200,87,25.34,110.03,279.15,2.0
Bamboo,20,JM,1547611200,78,18.39,-77.27,297.15,1.5
Acapulco,5,MX,1547610240,88,16.86,-99.88,297.15,2.1
Heihe,20,RU,1547611200,48,50.24,127.51,252.15,6.0
Whitehorse,75,CA,1547612100,85,60.72,-135.06,262.15,1.0
La Serena,0,CL,1547611200,87,-29.9,-71.25,289.15,2.1
Severo-Kurilsk,88,RU,1547613506,100,50.68,156.12,271.623,9.87
Ipixuna,40,BR,1547611200,88,-1.76,-48.8,297.15,1.0
Luderitz,0,NA,1547613507,90,-26.65,15.16,288.923,0.67
Nome,90,US,1547612100,75,30.04,-94.42,282.85,1.27
Churapcha,48,RU,1547613508,0,62.0,132.43,235.273,2.22
Virginia Beach,40,US,1547612400,88,36.85,-75.98,272.65,1.27
Gobabis,0,NA,1547613508,55,-22.45,18.97,296.473,2.12
Corinto,32,BR,1547613508,88,-18.36,-44.46,293.773,1.12
Alice Springs,0,AU,1547611200,9,-23.7,133.88,315.15,6.2
Cockburn Town,0,TC,1547613509,100,21.46,-71.14,298.373,3.57
Kavaratti,0,IN,1547613509,100,10.57,72.64,301.423,3.32
Prince Rupert,1,CA,1547611200,93,54.32,-130.32,275.15,1.72
Morehead,90,US,1547612100,84,38.18,-83.43,273.15,3.6
Port-Gentil,100,GA,1547613510,100,-0.72,8.78,299.673,1.07
Tadine,76,NC,1547613510,96,-21.55,167.88,298.873,8.77
Fengzhen,12,CN,1547613510,26,40.43,113.15,264.923,1.97
Dafeng,0,CN,1547613510,57,33.2,120.46,277.773,2.52
Yerbogachen,92,RU,1547613511,75,61.28,108.01,255.023,3.12
Solnechnyy,44,RU,1547613511,64,50.72,136.64,255.173,0.32
Codajas,32,BR,1547613511,96,-3.84,-62.06,296.523,1.07
Toamasina,40,MG,1547611200,94,-18.17,49.38,297.15,1.5
Katsuura,75,JP,1547611200,74,33.93,134.5,282.15,5.1
Upernavik,32,GL,1547613246,100,72.79,-56.15,252.873,4.22
Naliya,0,IN,1547613512,32,23.26,68.83,297.223,2.42
Wuwei,0,CN,1547613513,64,37.93,102.64,268.073,1.77
Rodrigues Alves,90,BR,1547611200,100,-7.74,-72.65,296.15,1.5
Baracoa,100,CU,1547613513,100,20.35,-74.5,296.973,2.52
Inongo,32,CD,1547613514,97,-1.93,18.29,295.973,1.17
Suluq,0,LY,1547613514,80,31.67,20.25,278.723,3.22
Aquiraz,40,BR,1547611200,88,-3.9,-38.39,299.15,1.62
Viedma,12,AR,1547613514,65,-40.81,-62.99,292.273,2.02
Parthenay,8,FR,1547611200,100,46.65,-0.25,270.15,1.0
Batagay,0,RU,1547613515,0,67.65,134.64,216.473,1.22
Xuanhua,0,CN,1547613515,18,40.61,115.04,267.673,2.72
Tiznit,24,MA,1547613516,96,29.7,-9.73,280.773,1.17
Nyurba,12,RU,1547613516,0,63.29,118.35,234.323,2.77
Kushima,40,JP,1547611200,35,31.5,131.29,286.15,7.7
Tomatlan,88,MX,1547613516,86,19.93,-105.25,294.073,1.12
Severobaykalsk,20,RU,1547613516,66,55.65,109.32,253.773,0.92
Kikwit,48,CD,1547613517,90,-5.04,18.82,296.073,1.92
Badarganj,0,BD,1547613517,57,25.68,89.06,295.573,1.97
Olden,88,NO,1547613517,90,61.84,6.81,265.323,0.72
Channel-Port aux Basques,12,CA,1547613518,100,47.57,-59.14,270.873,8.97
Fort-Shevchenko,0,KZ,1547613518,87,44.51,50.26,280.723,12.77
Yekaterinoslavka,68,RU,1547613518,77,54.34,72.46,260.573,1.97
Wawa,8,NG,1547613518,50,9.9,4.41,288.423,1.67
Eureka,90,US,1547610900,64,40.8,-124.16,285.35,3.1
Belchatow,75,PL,1547613000,86,51.37,19.36,277.15,5.1
Plastun,32,RU,1547613519,43,44.76,136.29,259.573,3.32
Alofi,92,NU,1547611200,74,-19.06,-169.92,303.15,3.6
Vila Franca do Campo,20,PT,1547611200,87,37.72,-25.43,287.15,4.87
Luanda,75,AO,1547611200,83,-8.83,13.24,298.15,1.5
Kloulklubed,75,PW,1547610600,74,7.04,134.26,302.15,6.7
Santa Maria da Boa Vista,20,BR,1547613521,70,-8.8,-39.83,296.373,4.47
Jiayuguan,8,CN,1547613435,80,39.77,98.29,267.823,0.92
Port Hardy,5,CA,1547611200,80,50.7,-127.42,277.15,4.1
Shenjiamen,92,CN,1547613522,100,29.96,122.3,280.023,7.97
Aranos,0,NA,1547613522,62,-24.14,19.11,294.423,1.37
Kohlu,24,PK,1547613523,75,29.9,69.25,284.673,1.77
Kendari,80,ID,1547613523,96,-3.99,122.52,300.873,0.97
Sampit,92,ID,1547613523,89,-2.54,112.95,301.873,3.17
Olga,90,US,1547612040,93,34.11,-118.17,286.45,2.1
Beian,20,NO,1547612400,85,63.66,9.57,268.15,7.7
Hervey Bay,8,AU,1547611200,40,-25.3,152.85,304.15,5.1
Trogir,0,HR,1547611200,55,43.52,16.25,276.15,3.1
Namibe,88,AO,1547613526,100,-15.19,12.15,295.373,0.92
Chimoio,40,MZ,1547611200,94,-19.11,33.48,295.15,2.82
Linxia,0,CN,1547613527,22,35.6,103.21,274.273,3.77
Houma,0,CN,1547613527,41,35.63,111.36,273.523,1.52
Verkhoyansk,8,RU,1547613528,0,67.55,133.39,219.023,0.92
La Ronge,5,CA,1547611200,82,55.1,-105.3,244.15,1.22
Inta,80,RU,1547613528,79,66.04,60.13,264.773,1.87
Batemans Bay,8,AU,1547613529,42,-35.71,150.18,304.723,1.52
Pangody,80,RU,1547613529,82,65.85,74.49,259.673,3.92
Ambon,90,FR,1547611200,86,47.55,-2.56,281.15,2.6
Tiarei,20,PF,1547611200,70,-17.53,-149.33,303.15,6.7
Antalaha,88,MG,1547613530,100,-14.9,50.28,297.073,2.57
Broken Hill,32,AU,1547611200,9,-31.97,141.45,318.15,9.3
Moranbah,0,AU,1547613531,31,-22.0,148.04,308.123,5.52
Inhambane,75,MZ,1547607600,94,-23.87,35.38,299.15,6.82
Panguipulli,75,CL,1547611200,100,-39.64,-72.33,286.15,1.0
Umm Kaddadah,0,SD,1547613447,43,13.6,26.69,286.573,5.02
Goderich,88,CA,1547613532,86,43.74,-81.71,271.373,10.97
Sergeyevka,48,KZ,1547613532,81,53.88,67.42,262.023,4.17
Orange Walk,40,JM,1547611200,73,17.93,-76.27,297.15,1.5
Nador,24,MA,1547611200,76,35.17,-2.93,286.15,2.6
Shitanjing,56,CN,1547613533,47,39.23,106.34,266.873,0.62
Pingliang,0,CN,1547613533,64,35.54,106.68,270.173,1.52
Jodhpur,0,IN,1547613533,46,26.3,73.04,293.073,2.07
Necochea,0,AR,1547613247,83,-38.55,-58.74,292.323,5.12
Berdigestyakh,8,RU,1547613534,0,62.1,126.7,233.623,1.57
Wuan,0,CN,1547613534,57,31.68,112.0,277.073,2.07
Levokumskoye,20,RU,1547613535,92,44.82,44.66,269.473,1.42
Praya,75,ID,1547611200,88,-8.71,116.27,300.15,2.1
Emerald,32,AU,1547611200,34,-23.53,148.16,308.15,3.6
Geraldton,75,CA,1547611200,70,49.72,-86.95,252.15,6.2
Chicama,75,PE,1547611200,88,-7.84,-79.15,295.15,3.6
Avera,1,US,1547612100,83,33.19,-82.53,278.15,1.5
Marsaxlokk,20,MT,1547612100,75,35.84,14.54,281.15,0.5
Marienburg,75,DE,1547612400,87,52.12,9.98,280.15,6.2
Tabuk,0,PH,1547613540,52,17.41,121.44,298.323,1.07
Freeport,0,BS,1547613540,100,26.54,-78.7,293.423,4.12
Adrar,0,DZ,1547611200,38,27.87,-0.29,278.15,2.6
Labuhan,88,ID,1547613540,88,-2.54,115.51,299.023,1.12
Roebourne,0,AU,1547613541,24,-20.77,117.15,314.023,3.72
Darab,8,IR,1547613541,56,28.75,54.55,284.873,1.12
Matveyev Kurgan,88,RU,1547613542,99,47.57,38.86,273.173,7.57
Severnoye,88,RU,1547613542,90,54.09,52.54,267.773,6.57
Ribeira Brava,40,PT,1547611200,59,32.65,-17.07,289.15,2.1
Hualmay,100,PE,1547613409,95,-11.1,-77.61,293.073,2.67
Ajaccio,0,FR,1547611200,100,41.93,8.74,278.15,3.6
Katherine,40,AU,1547611200,52,-14.47,132.26,307.15,1.5
Stromness,90,CA,1547611980,100,42.87,-79.55,270.35,9.8
Kirakira,36,SB,1547613543,100,-10.46,161.92,301.523,3.92
Manadhoo,12,MV,1547613544,100,5.77,73.38,301.023,4.92
Kamenka,92,RU,1547613544,96,53.19,44.05,273.023,5.72
Salinopolis,76,BR,1547613544,100,-0.61,-47.36,298.573,4.97
Tautira,20,PF,1547611200,70,-17.73,-149.15,303.15,6.7
Nakhon Phanom,0,LA,1547611200,51,17.4,104.79,301.15,5.7
Jiuquan,8,CN,1547613361,80,39.73,98.49,267.823,0.92
Jaguarari,36,BR,1547613545,77,-10.26,-40.2,294.073,3.92
Sungairaya,92,ID,1547613548,92,0.7,108.9,300.573,1.87
Viradouro,0,BR,1547611200,88,-20.87,-48.29,297.15,1.27
Zorritos,75,PE,1547607600,33,-3.68,-80.68,305.15,1.5
Sungaipenuh,56,ID,1547613550,92,-2.08,101.38,295.673,0.62
Zyryanka,0,RU,1547613550,0,65.73,150.89,233.923,1.12
Camargo,0,MX,1547613551,81,27.69,-105.17,277.823,1.87
Zhangdian,0,CN,1547613551,49,34.98,111.19,274.173,1.62
Merauke,32,ID,1547613551,86,-8.49,140.4,303.073,3.77
Bhinga,0,IN,1547613552,46,27.7,81.93,293.123,1.92
Dubreka,0,GN,1547613552,100,9.79,-13.52,299.623,4.42
Baruun-Urt,0,MN,1547613552,41,46.68,113.28,266.023,4.57
Harper,90,US,1547610900,89,30.3,-99.24,282.55,2.6
Brekstad,20,NO,1547612400,85,63.69,9.67,268.15,7.7
Moussoro,0,TD,1547613554,50,13.64,16.49,282.473,2.77
San Lorenzo de El Escorial,0,ES,1547611200,100,40.59,-4.15,271.15,1.0
China,92,MX,1547613554,98,25.71,-99.24,283.823,2.42
Omsukchan,8,RU,1547613554,0,62.53,155.8,231.323,1.12
Kano,0,NG,1547613555,59,11.99,8.53,281.923,1.62
Maceio,20,BR,1547611200,88,-9.67,-35.74,296.15,1.0
Louga,0,SN,1547607600,100,15.62,-16.22,291.15,2.1
Brae,92,GB,1547612400,100,60.4,-1.35,281.15,9.8
Guaraniacu,36,BR,1547613559,89,-25.1,-52.88,295.173,0.92
Emporia,90,US,1547610780,100,38.4,-96.18,272.05,1.62
Montargis,0,FR,1547611200,80,48.0,2.74,273.15,1.5
Kudahuvadhoo,80,MV,1547613560,100,2.67,72.89,299.273,4.32
Nova Odesa,0,UA,1547611200,79,47.3,31.79,267.15,4.0
Sarakhs,0,TM,1547611200,93,36.54,61.16,276.15,2.97
Santa Vitoria,92,BR,1547613564,100,-7.82,-67.03,295.573,1.07
Wad Rawah,0,SD,1547613565,43,15.16,33.13,292.373,4.57
Novopokrovka,48,RU,1547613565,48,45.85,134.51,260.573,4.22
Pierre,90,US,1547610780,84,44.37,-100.35,269.85,4.1
Sola,90,NO,1547612400,93,58.89,5.65,281.15,5.7
Nemuro,75,JP,1547611200,68,43.32,145.57,271.15,5.1
Buala,92,SB,1547613566,92,-8.15,159.59,301.823,1.42
Japura,12,ID,1547613567,64,-0.42,102.29,304.823,1.32
Key Largo,1,US,1547610960,71,25.09,-80.45,286.75,3.1
Lubaczow,80,PL,1547613567,97,50.16,23.12,274.023,6.87
Petropavlovka,0,RU,1547613567,57,50.61,105.32,260.773,1.82
Bathsheba,40,BB,1547611200,78,13.22,-59.52,298.15,6.7
Khawhai,0,IN,1547609400,63,23.52,93.19,291.15,0.32
Diego de Almagro,0,CL,1547613568,82,-26.39,-70.05,285.173,0.97
Cruzeiro do Sul,90,BR,1547611200,100,-7.63,-72.67,296.15,1.5
Bath,90,GB,1547612820,100,51.38,-2.36,282.15,4.6
Matara,48,PE,1547613569,100,-13.74,-72.9,278.473,0.77
Hobyo,0,SO,1547613569,73,5.35,48.53,299.323,5.87
Bonavista,92,CA,1547613570,99,48.65,-53.11,272.173,17.02
Gualaceo,88,EC,1547613570,100,-2.89,-78.78,286.373,0.42
Svetlogorsk,75,RU,1547611200,78,53.14,59.15,260.15,4.0
Caravelas,32,BR,1547613571,100,-17.73,-39.27,300.223,5.32
Lampang,20,TH,1547611200,69,18.29,99.49,300.15,2.1
Bandar-e Lengeh,0,IR,1547611200,100,26.56,54.88,292.15,2.1
Hovd,0,NO,1547612400,85,63.83,10.7,268.15,6.7
Grindavik,20,IS,1547611200,73,63.84,-22.43,270.15,8.7
Belyy Yar,44,RU,1547611200,83,53.6,91.39,251.15,1.0
Bathurst,0,AU,1547613573,45,-33.42,149.58,304.773,1.57
Sioux Lookout,20,CA,1547611200,76,50.1,-91.92,253.15,3.1
Komsomolskiy,80,RU,1547613573,80,67.55,63.78,260.873,2.87
Flinders,20,AU,1547611200,55,-34.58,150.85,306.15,3.1
San Pedro,0,AR,1547613575,95,-33.68,-59.66,289.623,1.32
Narsaq,80,GL,1547610600,79,60.91,-46.05,270.15,1.5
Cortez,90,US,1547610780,85,37.35,-108.58,275.95,2.6
Lar,40,IR,1547611200,81,27.66,54.32,282.15,2.1
Hansi,12,IN,1547613576,97,29.11,75.96,288.123,2.07
Panaba,0,MX,1547613577,90,21.28,-88.27,291.573,1.97
Little Current,90,CA,1547611920,86,45.98,-81.93,273.15,10.8
Kuchera,8,IN,1547613577,43,26.99,73.97,293.273,2.07
Tafresh,20,IR,1547611200,92,34.69,50.01,270.15,2.1
Zhengjiatun,0,CN,1547613577,33,43.51,123.51,270.423,7.27
Vao,80,EE,1547613578,84,59.1,26.19,268.573,4.82
Riyadh,0,SA,1547611200,59,24.63,46.72,289.15,2.6
Along,0,IN,1547613578,24,28.17,94.8,291.073,0.52
Conde,92,BR,1547613579,88,-11.81,-37.61,298.423,2.57
Lingdong,92,CN,1547613579,100,28.06,114.24,276.273,1.62
Banepa,20,NP,1547610600,76,27.63,85.52,283.15,1.0
Bonthe,0,SL,1547613580,88,7.53,-12.5,299.173,2.62
Zvolen,90,SK,1547613000,90,48.58,19.13,276.15,4.1
Shetpe,0,KZ,1547613580,84,44.14,52.16,278.073,9.52
